{
  "project_info": {
    "project_number": "134890297909",
    "project_id": "fic21-clinicapp",
    "storage_bucket": "fic21-clinicapp.firebasestorage.app"
  },
  "client": [
    {
      "client_info": {
        "mobilesdk_app_id": "1:134890297909:android:4b44da193ea7c01faa2f7c",
        "android_client_info": {
          "package_name": "com.example.flutter_clinicmobile_app"
        }
      },
      "oauth_client": [
        {
          "client_id": "134890297909-68tbp5jv7nnkt4ijht54qacdd5f2qnvr.apps.googleusercontent.com",
          "client_type": 1,
          "android_info": {
            "package_name": "com.example.flutter_clinicmobile_app",
            "certificate_hash": "1d770cb9d2682386aea343996378067856321a35"
          }
        },
        {
          "client_id": "134890297909-ti1c95bcmvps9jblmeclnbt7e174cmc0.apps.googleusercontent.com",
          "client_type": 3
        }
      ],
      "api_key": [
        {
          "current_key": "AIzaSyDvgYRrg1Uh5OrMUL6oNI48ahKs4aAx8To"
        }
      ],
      "services": {
        "appinvite_service": {
          "other_platform_oauth_client": [
            {
              "client_id": "134890297909-ti1c95bcmvps9jblmeclnbt7e174cmc0.apps.googleusercontent.com",
              "client_type": 3
            }
          ]
        }
      }
    },
    {
      "client_info": {
        "mobilesdk_app_id": "1:134890297909:android:5ae09fc0907a565aaa2f7c",
        "android_client_info": {
          "package_name": "com.fic21.clinic"
        }
      },
      "oauth_client": [
        {
          "client_id": "134890297909-eghv7u8275gsdn72t3ak35s9s4jk16gu.apps.googleusercontent.com",
          "client_type": 1,
          "android_info": {
            "package_name": "com.fic21.clinic",
            "certificate_hash": "1d770cb9d2682386aea343996378067856321a35"
          }
        },
        {
          "client_id": "134890297909-ti1c95bcmvps9jblmeclnbt7e174cmc0.apps.googleusercontent.com",
          "client_type": 3
        }
      ],
      "api_key": [
        {
          "current_key": "AIzaSyDvgYRrg1Uh5OrMUL6oNI48ahKs4aAx8To"
        }
      ],
      "services": {
        "appinvite_service": {
          "other_platform_oauth_client": [
            {
              "client_id": "134890297909-ti1c95bcmvps9jblmeclnbt7e174cmc0.apps.googleusercontent.com",
              "client_type": 3
            }
          ]
        }
      }
    }
  ],
  "configuration_version": "1"
}